{"regressor": "lgbr", "n_estimators": 138, "reg_alpha": 3.4415283913060877e-07, "reg_lambda": 0.0390127289114593, "num_leaves": 206, "max_depth": 24, "learning_rate": 0.03758246451497512, "colsample_bytree": 0.8070382572966541, "subsample": 0.6246121492041881, "subsample_freq": 6, "min_child_samples": 41}