{"regressor": "lgbr", "n_estimators": 693, "reg_alpha": 1.0974080330373912e-08, "reg_lambda": 6.434058606632232e-08, "num_leaves": 106, "max_depth": 8, "learning_rate": 0.02951083504313166, "colsample_bytree": 0.8533894952281587, "subsample": 0.9957505195390676, "subsample_freq": 7, "min_child_samples": 42}