{"regressor": "lgbr", "n_estimators": 176, "reg_alpha": 4.023309945923485e-06, "reg_lambda": 0.0020928491910940424, "num_leaves": 368, "max_depth": 12, "learning_rate": 0.026233228886094802, "colsample_bytree": 0.9346126648456194, "subsample": 0.5726083542380105, "subsample_freq": 5, "min_child_samples": 87}