{"regressor": "lgbr", "n_estimators": 161, "reg_alpha": 0.027203780597164776, "reg_lambda": 9.385906534301043, "num_leaves": 406, "max_depth": 21, "learning_rate": 0.04722707394159657, "colsample_bytree": 0.9842967672270222, "subsample": 0.8694504102154423, "subsample_freq": 7, "min_child_samples": 67}