{"regressor": "lgbr", "n_estimators": 573, "reg_alpha": 0.2970776811068912, "reg_lambda": 1.2768738281232115e-07, "num_leaves": 283, "max_depth": 8, "learning_rate": 0.013989794384409301, "colsample_bytree": 0.9415467494253185, "subsample": 0.8690387886154703, "subsample_freq": 6, "min_child_samples": 87}